{
  "project_info": {
    "project_number": "648361625521",
    "project_id": "mutalk-da416",
    "storage_bucket": "mutalk-da416.appspot.com"
  },
  "client": [
    {
      "client_info": {
        "mobilesdk_app_id": "1:648361625521:android:f9b725bb3e45d1feda5f90",
        "android_client_info": {
          "package_name": "com.example.myapplication"
        }
      },
      "oauth_client": [
        {
          "client_id": "648361625521-cbhs3t8jrm7h2u1rbl5aacsm1gpdkogt.apps.googleusercontent.com",
          "client_type": 3
        }
      ],
      "api_key": [
        {
          "current_key": "AIzaSyBJ3llHM1gz4JAZQsBCpmfX25FZmPyhTGs"
        }
      ],
      "services": {
        "appinvite_service": {
          "other_platform_oauth_client": [
            {
              "client_id": "648361625521-cbhs3t8jrm7h2u1rbl5aacsm1gpdkogt.apps.googleusercontent.com",
              "client_type": 3
            }
          ]
        }
      }
    }
  ],
  "configuration_version": "1"
}