{
  "project_info": {
    "project_number": "916600154711",
    "firebase_url": "https://chatap-9131f-default-rtdb.firebaseio.com",
    "project_id": "chatap-9131f",
    "storage_bucket": "chatap-9131f.appspot.com"
  },
  "client": [
    {
      "client_info": {
        "mobilesdk_app_id": "1:916600154711:android:3876fbb2dfe45c7fb15112",
        "android_client_info": {
          "package_name": "com.example.chatap"
        }
      },
      "oauth_client": [
        {
          "client_id": "916600154711-vm3c7466fnrp600osvq1utj8j95rsreo.apps.googleusercontent.com",
          "client_type": 3
        }
      ],
      "api_key": [
        {
          "current_key": "AIzaSyCC3dsoW7YD8IuHSPQzbuLze2vALnyE00o"
        }
      ],
      "services": {
        "appinvite_service": {
          "other_platform_oauth_client": [
            {
              "client_id": "916600154711-vm3c7466fnrp600osvq1utj8j95rsreo.apps.googleusercontent.com",
              "client_type": 3
            }
          ]
        }
      }
    },
    {
      "client_info": {
        "mobilesdk_app_id": "1:916600154711:android:90b8d3042cffbd39b15112",
        "android_client_info": {
          "package_name": "com.example.chatt"
        }
      },
      "oauth_client": [
        {
          "client_id": "916600154711-vm3c7466fnrp600osvq1utj8j95rsreo.apps.googleusercontent.com",
          "client_type": 3
        }
      ],
      "api_key": [
        {
          "current_key": "AIzaSyCC3dsoW7YD8IuHSPQzbuLze2vALnyE00o"
        }
      ],
      "services": {
        "appinvite_service": {
          "other_platform_oauth_client": [
            {
              "client_id": "916600154711-vm3c7466fnrp600osvq1utj8j95rsreo.apps.googleusercontent.com",
              "client_type": 3
            }
          ]
        }
      }
    }
  ],
  "configuration_version": "1"
}